[{
	"title": "Экологичность материалов",
	"img": "img/advantage_trees.png",
	"text": "У каждого из наших поставщиков имеются сертификаты безопасности, в которых подтверждено, что пластик не токсичен."
}, {
	"title": "Экологичность материалов2",
	"img": "img/advantage_trees.png",
	"text": "У каждого из наших поставщиков имеются сертификаты безовасности, в которых подтверждено, что пластик не токсичен"
}, {
	"title": "Экологичность материалов3",
	"img": "img/advantage_trees.png",
	"text": "У каждого из наших поставщиков имеются сертификаты безовасности, в которых подтверждено, что пластик не токсичен"
}]
