{
  "rubric": "Дизайн",
  "label": "Акция",
  "title": "ТРЕНДЫ В ОФОРМЛЕНИИ ОКОН 2015",
  "url": "http://design-okna.herokuapp.com/article/1",
  "description": "О последних новинках в индустрии жалюзи и <br />о том как будет модно оформлять окна в 2016 году расскажет жизайнер интерьеров",
  "date": "29 апреля 2015 г.",
  "slider_img": "img/slide-1.jpg",
  "main_img": "http://design-okna.herokuapp.com/img/slide-1.jpg",
  "text": "<p>Однако почти <br />все консультанты просто ждут, чтобы рекомендации падали с неба. В конце концов, разве не должны счастливые клиенты всем рассказывать о вас? И большинство клиентов так и будет делать, но иногда они слишком заняты, и тогда они не будут особенно усердствовать. </p><p>Вместо того, чтобы просто сидеть и ждать, откройте электронную почту, найдите двоих уже осчастливленных вами клиентов, еще не приславших вам свое рекомендательное письмо. Напишите им и попросите прислать рекомендацию. </p><p>Ниже я привожу шаблон письма, которое сослужило мне хорошую службу в свое время. Сначала я узнавал, что представляет собой тот или иной клиент, и затем просто просил о прямой рекомендации. Не ходите вокруг да около и не оставляйте вопрос открытым, и будьте по-возможности кратки<br>Установление партнерских связей с агентствами — это еще один хороший способ привлечь новых клиентов. Я пользовался этой стратегией и в результате наладил партнерские взаимоотношения с компанией, которая присылает мне по крайней мере одного нового клиента в месяц. Здесь важно убедиться, что агентство-партнер больше, чем моя консультационная компания, так что я им не конкурент.</p><img src=\"img/article_img.jpg\" alt=\"\"><h2>Главный тренд</h2><p>Однако почти все консультанты просто ждут, чтобы рекомендации падали с неба. В конце концов, разве не должны счастливые клиенты всем рассказывать о вас? И большинство клиентов так и будет делать, но иногда они слишком заняты, и тогда они не будут особенно усердствовать. </p><p>Вместо того, чтобы просто сидеть и ждать, откройте электронную почту, найдите двоих уже осчастливленных вами клиентов, еще не приславших вам свое рекомендательное письмо. Напишите им и попросите прислать рекомендацию.</p><p>Ниже я привожу шаблон письма, которое сослужило мне хорошую службу в свое время. Сначала я узнавал, что представляет собой тот или иной клиент, и затем просто просил о прямой рекомендации. Не ходите вокруг да около и не оставляйте вопрос открытым, и будьте по-возможности кратки<br>Установление партнерских связей с агентствами — это еще один хороший способ привлечь новых клиентов. Я пользовался этой стратегией и в результате наладил партнерские взаимоотношения с компанией, которая присылает мне по крайней мере одного нового клиента в месяц. Здесь важно убедиться, что агентство-партнер больше, чем моя консультационная компания, так что я им не конкурент.</p><p>Вместо того, чтобы просто сидеть и ждать, откройте электронную почту, найдите двоих уже осчастливленных вами клиентов, еще не приславших вам свое рекомендательное письмо. Напишите им и попросите прислать рекомендацию. </p><p>Ниже я привожу шаблон письма, которое сослужило мне хорошую службу в свое время. Сначала я узнавал, что представляет собой тот или иной клиент, и затем просто просил о прямой рекомендации. Не ходите вокруг да около и не оставляйте вопрос открытым, и будьте по-возможности кратки<br>Установление партнерских связей с агентствами — это еще один хороший способ привлечь новых клиентов. Я пользовался этой стратегией и в результате наладил партнерские взаимоотношения с компанией, которая присылает мне по крайней мере одного нового клиента в месяц. Здесь важно убедиться, что агентство-партнер больше, чем моя консультационная компания, так что я им не конкурент.</p>",
  "aside_title": "ИНТЕРЕСНОЕ О ДИЗАЙНЕ",
  "author_img": "img/ava2.jpg",
  "author_name": "Вероника Маркина",
  "aside_links": [
    {
      "title": "Психотерапевт — о том, как перестать беспокоиться и полюбить бомбу",
      "url": "/article/blah1"
    },
    {
      "title": "В конце концов, разве не должны счастливые клиентвсем рассказывать о вас",
      "url": "/article/blah2"
    },
    {
      "title": "Психотерапевт — о том, как перестать бояться",
      "url": "/article/blah3"
    },
    {
      "title": "В конце концов, разве не должны счастливые клиент всем рассказывать",
      "url": "/article/blah4"
    },
    {
      "title": "Психотерапевт — о том, как перестать бояться психотерапевта",
      "url": "/article/blah5"
    }
  ],
  "related_products": [{
      "id": "1",
      "image": "img/product1.jpg",
      "rating": "3.4",
      "reviews_count": "99",
      "link": "product/zhaluzi/horizontalnye/aluminievye#roza-kolhoza",
      "title": "Жалюзи Мираж",
      "category_link": "catalog",
      "category_title": "Рулонные тканевые",
      "price": 1000,
      "sale": 0.2,
      "textures": [{
        "id": "1",
        "url": "kristall",
        "model": "Кристалл",
        "price": 1,
        "img": "img/product/1.jpg",
        "translucent": "Не пропускает свет",
        "country": "США",
        "width": "150 см",
        "structure": "50% шенилл, 20% вискоза, 30% полиэстер"
      }, {
        "id": "2",
        "url": "listya",
        "model": "Листья",
        "price": 500,
        "img": "img/textures/listya.png",
        "translucent": "Пропускает свет",
        "country": "Германия",
        "width": "250 см",
        "structure": "60% шенилл, 10% вискоза, 30% полиэстер"
      }, {
        "id": "3",
        "url": "luksor_uno",
        "model": "Люксор Уно",
        "price": 2200,
        "img": "img/textures/luksor_uno.png",
        "translucent": "Не пропускает свет",
        "country": "Россия",
        "width": "200 см",
        "structure": "30% шенилл, 30% вискоза, 40% полиэстер"
      }, {
        "id": "4",
        "url": "melanzh_red",
        "model": "Красный Меланж",
        "price": 1000,
        "img": "img/textures/melanzh_red.png",
        "translucent": "Не пропускает свет",
        "country": "Россия",
        "width": "200 см",
        "structure": "30% шенилл, 30% вискоза, 40% полиэстер"
      },
      {
        "id": "5",
        "url": "kristall",
        "model": "Кристалл",
        "price": 1,
        "img": "img/textures/kristall.png",
        "translucent": "Не пропускает свет",
        "country": "США",
        "width": "150 см",
        "structure": "50% шенилл, 20% вискоза, 30% полиэстер"
      }, {
        "id": "6",
        "url": "listya",
        "model": "Листья",
        "price": 500,
        "img": "img/textures/listya.png",
        "translucent": "Пропускает свет",
        "country": "Германия",
        "width": "250 см",
        "structure": "60% шенилл, 10% вискоза, 30% полиэстер"
      }]
  }, {
      "id": "2",
      "sale": 0.2,
      "image": "img/product2.jpg",
      "rating": "3.4",
      "reviews_count": "100",
      "link": "product/zhaluzi/horizontalnye/aluminievye#roza-kolhoza",
      "title": "Жалюзи Мираж",
      "category_link": "catalog",
      "category_title": "Рулонные тканевые",
      "price": 800
  }, {
      "id": "3",
      "image": "img/product3.jpg",
      "rating": ".4",
      "reviews_count": "100",
      "link": "product/zhaluzi/horizontalnye/aluminievye#roza-kolhoza",
      "title": "Жалюзи Мираж",
      "category_link": "catalog",
      "category_title": "Рулонные тканевые",
      "price": 1000
  }]
}
