{
  "name": "ТРЕНДЫ В ОФОРМЛЕНИИ ОКОН 2015",
  "link": "http://design-okna.herokuapp.com/article/1",
  "description": "О последних новинках в индустрии жалюзи и <br />о том как будет модно оформлять окна в 2016 году расскажет жизайнер интерьеров",
  "picture": "http://design-okna.herokuapp.com/img/slide-1.jpg",
  "avatar": "img/ava2.jpg",
  "author": "Вероника Маркина"
}