[
{
  "img": "img/news_constructor.jpg",
  "label": "акция",
  "title": "Конструктор жалюзи и штор",
  "text": "Затрудняетесь с выбором материала для штор или жалюзи? Вам поможет наш конструктор! Загрузите фото своего окна и прикладывайте шторы прямо на фото.",
  "link": "constructor/",
  "link_text": "Узнать подробности"
},
{
  "img": "img/slider2.jpg",
  "label": "акция",
  "title": "Экономьте еще&nbsp;больше",
  "text": "При заказе жалюзи и штор мы даем возможность каждому сэкономить до 28%. для этого Вам необходимо гайти купоны на скидку на нашем промо сайте",
  "link": "article/example",
  "link_text": "Узнать подробности"
}
]
