{
	"id": "123",
	"category": "Римские шторы123",
	"title": "Римские шторы",
	"product_name": "Римские шторы красота",
	"sale": 0,
	"image": "img/slide-1.jpg",
	"image_slider": "img/slide-1.jpg",
	"rating": "3.4",
	"reviews_count": "100",
	"link": "product/zhaluzi/horizontalnye/aluminievye/aluminievye_product#luksor_uno",
	"category_link": "catalog",
	"category_title": "Рулонные тканевые",
	"video": "https://www.youtube.com/watch?v=DyWMkcmahxs",
	"video_title": "Название",
	"isHeightVisible": false,
	"colors": ["green", "red", "blue", "#fee", "#fca", "#cb3", "#232fab", "#fdb1b2"],
	"construction": {
		"title": "Конструкция римских штор",
		"text": "В закрытом состоянии римские шторы<br />представляют собойровное полотно без складок и сборок, соответствующее по размеру площади оконного проёма. В нижний край полотна вшит утяжелитель, кроме того, параллельно ему через равные расстояния также вшиты специальные планки, в которых и заключена вся суть механизма этого солнцезащитного изделия. К планкам крепятся кольца, а через них пропущены шнуры, идущие от утяжелителя к механизму управления. Карниз для римских штор может быть выполнен по типу кордовой или роторно-цепочной системы.",
		"scheme": "img/scheme.jpg"
	},
	"description": {
		"title": "Что такое римские шторы?",
		"text": "Римские шторы — это изделие, сочетающее в себе все преимущества обычных портьер и горизонтальных жалюзи. Они сделаны из ткани, поэтому их можно по праву назвать шторами, но их механизм управления очень напоминает устройство, приводящее в движение ламели жалюзи. Такой удивительный тандем и послужил основой для создания довольно необычного оконного убранства – римских штор. Они применяются в самых разных помещениях и способны украсить гостиную, детскую и спальню, в том числе в комбинации с обычными портьерами. Их часто вешают на окна в учреждениях и офисах, они могут быть прекрасным дополнением интерьера гостиниц и столовых, а могут и стать интересной особенностью танцевальных и концертных залов"
	},
	"cornice": {
		"text": "Карниз для римских штор",
		"price": 1375,
		"description": "Мы производим карниз<br>для римских штор только с роторно-цепочным механизмом",
		"name": "Установку специалистом",
		"currencySign": "р./одно изделие"
	},
	"gallery": [ {
		"src": "img/product/1.jpg"
	}, {
		"src": "img/product/2.jpg"
	}, {
		"src": "img/product/3.jpg"
	}],
	"blockContent":"\u0414\u0438\u0437\u0430\u0439\u043d \u041e\u043a\u043d\u0430 \u2014 \u044d\u0442\u043e \u043f\u0440\u043e\u0438\u0437\u0432\u043e\u0434\u0441\u0442\u0432\u0435\u043d\u043d\u0430\u044f \u043c\u0430\u0441\u0442\u0435\u0440\u0441\u043a\u0430\u044f \u043f\u043e \u0441\u043e\u0432\u0440\u0435\u043c\u0435\u043d\u043d\u043e\u043c\u0443 \u043e\u0444\u043e\u0440\u043c\u043b\u0435\u043d\u0438\u044e \u043e\u043a\u043e\u043d. \u0423 \u043d\u0430\u0441 \u0437\u0430 \u043f\u043b\u0435\u0447\u0430\u043c\u0438: 8 \u043b\u0435\u0442 \u043e\u043f\u044b\u0442\u0430; 620 \u043f\u043e\u0441\u0442\u043e\u044f\u043d\u043d\u044b\u0445 \u043a\u043b\u0438\u0435\u043d\u0442\u043e\u0432; 5000 \u0432\u044b\u043f\u043e\u043b\u043d\u0435\u043d\u043d\u044b\u0445 \u0437\u0430\u043a\u0430\u0437\u043e\u0432 \u0438 \u0434\u0435\u0441\u044f\u0442\u043e\u043a \u043d\u0430\u0431\u0438\u0442\u044b\u0445 \u0448\u0438\u0448\u0435\u043a. \u041c\u044b \u0448\u044c\u0435\u043c \u0448\u0442\u043e\u0440\u044b, \u043f\u0440\u043e\u0438\u0437\u0432\u043e\u0434\u0438\u043c \u0436\u0430\u043b\u044e\u0437\u0438 \u0438 \u043a\u0430\u0440\u043d\u0438\u0437\u044b, \u043e\u0440\u0433\u0430\u043d\u0438\u0437\u043e\u0432\u044b\u0432\u0430\u0435\u043c \u0434\u043e\u0441\u0442\u0430\u0432\u043a\u0443 \u0438 \u0443\u0441\u0442\u0430\u043d\u043e\u0432\u043a\u0443. \u0421\u043e\u0432\u0435\u0442\u0443\u044f, \u0447\u0442\u043e \u043b\u0443\u0447\u0448\u0435 \u0438 \u043f\u0440\u0430\u043a\u0442\u0438\u0447\u043d\u0435\u0435, \u0441\u043e\u0437\u0434\u0430\u0432\u0430\u044f \u043f\u0440\u043e\u0441\u0442\u044b\u0435 \u0432\u0435\u0449\u0438, \u043c\u044b \u0434\u0435\u043b\u0430\u0435\u043c \u0434\u043e\u043c, \u043a\u0432\u0430\u0440\u0442\u0438\u0440\u0443 \u0438\u043b\u0438 \u043e\u0444\u0438\u0441 \u0443\u044e\u0442\u043d\u0435\u0435 \u0438 \u0435\u0449\u0435 \u0431\u043e\u043b\u0435\u0435 \u043a\u0440\u0430\u0441\u0438\u0432\u044b\u043c, \u043f\u0440\u0438 \u044d\u0442\u043e\u043c \u0432\u043e\u043f\u0440\u043e\u0441 \u043f\u0440\u0438\u0431\u044b\u043b\u0438 \u0443\u0445\u043e\u0434\u0438\u0442 \u043d\u0430 \u0432\u0442\u043e\u0440\u043e\u0439 \u043f\u043b\u0430\u043d. \u0412\u0441\u0435\u0433\u0434\u0430. \u041d\u0430\u043c \u043d\u0440\u0430\u0432\u0438\u0442\u0441\u044f \u043e\u043a\u0430\u0437\u044b\u0432\u0430\u0442\u044c \u043a\u0430\u0447\u0435\u0441\u0442\u0432\u0435\u043d\u043d\u044b\u0435 \u0443\u0441\u043b\u0443\u0433\u0438 \u0443\u0437\u043a\u043e\u043c\u0443 \u043a\u0440\u0443\u0433\u0443 \u043a\u043b\u0438\u0435\u043d\u0442\u043e\u0432. \u0411\u0435\u0437 \u0441\u0443\u0435\u0442\u044b."
}
