[{
	"title": "Рольставни",
	"img": "img/service_rolls.png",
	"text": "У каждого из наших поставщиков имеются сертификаты безовасности, в которых подтверждено, что пластик не токсичен"
}, {
	"title": "Экологичность материалов2",
	"img": "img/service_rolls.png",
	"text": "У каждого из наших поставщиков имеются сертификаты безовасности, в которых подтверждено, что пластик не токсичен"
}, {
	"title": "Экологичность материалов3",
	"img": "img/service_rolls.png",
	"text": "У каждого из наших поставщиков имеются сертификаты безовасности, в которых подтверждено, что пластик не токсичен"
}]
