{
  "blockContent":"<p>Hello world<p>",
  "items": {
    "louvers":[
      {
        "url": "/catalog/Gorizontalnyye_zhalyuzi",
        "title": "Горизонтальные",
        "children": [
          {
            "url": "/catalog/Gorizontalnye_zhaluzi/Alyuminievye",
            "title": "Алюминиевые",
            "constructorTitle": "Алюминиевые"
          },
          {
            "url": "/catalog/Gorizontalnye_zhaluzi/Plastikovyye",
            "title": "Пластиковыые",
            "constructorTitle": "Алюминиевые"
          },
          {
            "url": "/catalog/Gorizontalnye_zhaluzi/Bambukovye",
            "title": "Бамбуковые",
            "constructorTitle": "Алюминиевые"
          },
          {
            "url": "/catalog/Gorizontalnye_zhaluzi/Volna",
            "title": "Волна",
            "constructorTitle": "Алюминиевые"
          }
        ]
      },
      {
        "url": "/catalog/Vertikalnyye_zhalyuzi",
        "title": "Вертикальные",
        "children": [
          {
            "url": "/catalog/Vertikalnyye_zhaluzi/Alyuminevye",
            "title": "Алюминевые",
            "constructorTitle": "Алюминиевые"
          },
          {
            "url": "/catalog/Vertikalnyye_zhaluzi/Tkanevye",
            "title": "Тканевые",
            "constructorTitle": "Алюминиевые"
          },
          {
            "url": "/catalog/Vertikalnyye_zhaluzi/Plastikovye",
            "title": "Пластиковые",
            "constructorTitle": "Алюминиевые"
          },
          {
            "url": "/catalog/Vertikalnyye_zhaluzi/Briz",
            "title": "Бриз",
            "constructorTitle": "Алюминиевые"
          }
        ]
      },
      {
        "url": "/catalog/derevyannyye_zhalyuzi",
        "title": "Деревянные",
        "children": []
      },
      {
        "url": "/catalog/Rulonnyye_zhalyuzi",
        "title": "Рулонные",
        "children": [
          {
            "url": "/catalog/Rulonnyye_zhaluzi/Tkanevye",
            "title": "Тканевые",
            "constructorTitle": "Алюминиевые"
          },
          {
            "url": "/catalog/Rulonnyye_zhaluzi/Zebra",
            "title": "Зебра",
            "constructorTitle": "Алюминиевые"
          },
          {
            "url": "/catalog/Rulonnyye_zhaluzi/Mini",
            "title": "Мини",
            "constructorTitle": "Алюминиевые"
          },
          {
            "url": "/catalog/Rulonnyye_zhaluzi/Uni",
            "title": "Уни",
            "constructorTitle": "Алюминиевые"
          },
          {
            "url": "/catalog/Rulonnyye_zhaluzi/S_fotopechatyu",
            "title": "С фотопечатью",
            "constructorTitle": "Алюминиевые"
          }
        ]
      }
    ]
  }
}
