[
  {
    "id": 1,
    "slug": "kristall",
    "model": "Кристалл",
    "product_id": "123",
    "product_name": "Римские шторы",
    "product_image": "img/product/1.jpg",
    "url": "img/product/1.jpg",
    "price": 101,
    "img": "img/product/1.jpg",
    "translucent": "Не пропускает свет",
    "country": "США",
    "width": "150 см",
    "structure": "50% шенилл, 20% вискоза, 30% полиэстер",
    "texture": "img/ex.png",
    "preview": "img/cons_bg1.jpg",
    "color": "green",
    "counstructorImage": "img/product/1.jpg",
    "description": "Lorem ipsum dolor sit amet, consectetur adipisicing elit"
  },
  {
    "id": 2,
    "slug": "listya",
    "model": "Листья",
    "product_id": "123",
    "product_name": "Римские шторы",
    "product_image": "img/product/1.jpg",
    "url": "img/product/1.jpg",
    "price": 200,
    "img": "img/textures/listya.png",
    "translucent": "Пропускает свет",
    "country": "Германия",
    "width": "250 см",
    "structure": "60% шенилл, 10% вискоза, 30% полиэстер",
    "texture": "img/ex2.png",
    "preview": "img/cons_bg2.jpg",
    "color": "red",
    "counstructorImage": "img/product/1.jpg",
    "description": "Lorem ipsum dolor sit amet, consectetur adipisicing elit"
  },
  {
    "id": 3,
    "slug": "luksor_uno",
    "model": "Люксор Уно",
    "product_id": "123",
    "product_image": "img/product/1.jpg",
    "product_name": "Римские шторы",
    "url": "img/product/1.jpg",
    "price": 100,
    "img": "img/textures/luksor_uno.png",
    "translucent": "Не пропускает свет",
    "country": "Россия",
    "width": "200 см",
    "structure": "30% шенилл, 30% вискоза, 40% полиэстер",
    "texture": "img/ex3.png",
    "preview": "img/cons_bg3.jpg",
    "color": "blue",
    "counstructorImage": "img/product/1.jpg",
    "description": "Lorem ipsum dolor sit amet, consectetur adipisicing elit"
  },
  {
    "id": 4,
    "slug": "melanzh_red",
    "model": "Красный Меланж",
    "product_id": "123",
    "product_image": "img/product/1.jpg",
    "product_name": "Римские шторы",
    "url": "img/product/1.jpg",
    "price": 100,
    "img": "img/textures/melanzh_red.png",
    "translucent": "Не пропускает свет",
    "country": "Россия",
    "width": "200 см",
    "structure": "30% шенилл, 30% вискоза, 40% полиэстер",
    "texture": "img/ex.png",
    "preview": "img/cons_bg4.jpg",
    "color": "#fee",
    "counstructorImage": "img/product/1.jpg",
    "description": "Lorem ipsum dolor sit amet, consectetur adipisicing elit"
  },{
    "id": 5,
    "slug": "kristall",
    "model": "Кристалл",
    "product_id": "123",
    "product_name": "Римские шторы",
    "product_image": "img/product/1.jpg",
    "url": "img/product/1.jpg",
    "price": 101,
    "img": "img/product/1.jpg",
    "translucent": "Не пропускает свет",
    "country": "США",
    "width": "150 см",
    "structure": "50% шенилл, 20% вискоза, 30% полиэстер",
    "texture": "img/ex.png",
    "preview": "img/cons_bg1.jpg",
    "color": "green",
    "counstructorImage": "img/product/1.jpg",
    "description": "Lorem ipsum dolor sit amet, consectetur adipisicing elit"
  },
  {
    "id": 6,
    "slug": "listya",
    "model": "Листья",
    "product_id": "123",
    "product_name": "Римские шторы",
    "product_image": "img/product/1.jpg",
    "url": "img/product/1.jpg",
    "price": 200,
    "img": "img/textures/listya.png",
    "translucent": "Пропускает свет",
    "country": "Германия",
    "width": "250 см",
    "structure": "60% шенилл, 10% вискоза, 30% полиэстер",
    "texture": "img/ex2.png",
    "preview": "img/cons_bg2.jpg",
    "color": "red",
    "counstructorImage": "img/product/1.jpg",
    "description": "Lorem ipsum dolor sit amet, consectetur adipisicing elit"
  },
  {
    "id": 7,
    "slug": "luksor_uno",
    "model": "Люксор Уно",
    "product_id": "123",
    "product_image": "img/product/1.jpg",
    "product_name": "Римские шторы",
    "url": "img/product/1.jpg",
    "price": 100,
    "img": "img/textures/luksor_uno.png",
    "translucent": "Не пропускает свет",
    "country": "Россия",
    "width": "200 см",
    "structure": "30% шенилл, 30% вискоза, 40% полиэстер",
    "texture": "img/ex3.png",
    "preview": "img/cons_bg3.jpg",
    "color": "blue",
    "counstructorImage": "img/product/1.jpg",
    "description": "Lorem ipsum dolor sit amet, consectetur adipisicing elit"
  },
  {
    "id": 8,
    "slug": "melanzh_red",
    "model": "Красный Меланж",
    "product_id": "123",
    "product_image": "img/product/1.jpg",
    "product_name": "Римские шторы",
    "url": "img/product/1.jpg",
    "price": 100,
    "img": "img/textures/melanzh_red.png",
    "translucent": "Не пропускает свет",
    "country": "Россия",
    "width": "200 см",
    "structure": "30% шенилл, 30% вискоза, 40% полиэстер",
    "texture": "img/ex.png",
    "preview": "img/cons_bg4.jpg",
    "color": "#fee",
    "counstructorImage": "img/product/1.jpg",
    "description": "Lorem ipsum dolor sit amet, consectetur adipisicing elit"
  },{
    "id": 9,
    "slug": "kristall",
    "model": "Кристалл",
    "product_id": "123",
    "product_name": "Римские шторы",
    "product_image": "img/product/1.jpg",
    "url": "img/product/1.jpg",
    "price": 101,
    "img": "img/product/1.jpg",
    "translucent": "Не пропускает свет",
    "country": "США",
    "width": "150 см",
    "structure": "50% шенилл, 20% вискоза, 30% полиэстер",
    "texture": "img/ex.png",
    "preview": "img/cons_bg1.jpg",
    "color": "green",
    "counstructorImage": "img/product/1.jpg",
    "description": "Lorem ipsum dolor sit amet, consectetur adipisicing elit"
  },
  {
    "id": 10,
    "slug": "listya",
    "model": "Листья",
    "product_id": "123",
    "product_name": "Римские шторы",
    "product_image": "img/product/1.jpg",
    "url": "img/product/1.jpg",
    "price": 200,
    "img": "img/textures/listya.png",
    "translucent": "Пропускает свет",
    "country": "Германия",
    "width": "250 см",
    "structure": "60% шенилл, 10% вискоза, 30% полиэстер",
    "texture": "img/ex2.png",
    "preview": "img/cons_bg2.jpg",
    "color": "red",
    "counstructorImage": "img/product/1.jpg",
    "description": "Lorem ipsum dolor sit amet, consectetur adipisicing elit"
  },
  {
    "id": 11,
    "slug": "luksor_uno",
    "model": "Люксор Уно",
    "product_id": "123",
    "product_image": "img/product/1.jpg",
    "product_name": "Римские шторы",
    "url": "img/product/1.jpg",
    "price": 100,
    "img": "img/textures/luksor_uno.png",
    "translucent": "Не пропускает свет",
    "country": "Россия",
    "width": "200 см",
    "structure": "30% шенилл, 30% вискоза, 40% полиэстер",
    "texture": "img/ex3.png",
    "preview": "img/cons_bg3.jpg",
    "color": "blue",
    "counstructorImage": "img/product/1.jpg",
    "description": "Lorem ipsum dolor sit amet, consectetur adipisicing elit"
  },
  {
    "id": 12,
    "slug": "melanzh_red",
    "model": "Красный Меланж",
    "product_id": "123",
    "product_image": "img/product/1.jpg",
    "product_name": "Римские шторы",
    "url": "img/product/1.jpg",
    "price": 100,
    "img": "img/textures/melanzh_red.png",
    "translucent": "Не пропускает свет",
    "country": "Россия",
    "width": "200 см",
    "structure": "30% шенилл, 30% вискоза, 40% полиэстер",
    "texture": "img/ex.png",
    "preview": "img/cons_bg4.jpg",
    "color": "#fee",
    "counstructorImage": "img/product/1.jpg",
    "description": "Lorem ipsum dolor sit amet, consectetur adipisicing elit"
  },{
    "id": 13,
    "slug": "kristall",
    "model": "Кристалл",
    "product_id": "123",
    "product_name": "Римские шторы",
    "product_image": "img/product/1.jpg",
    "url": "img/product/1.jpg",
    "price": 101,
    "img": "img/product/1.jpg",
    "translucent": "Не пропускает свет",
    "country": "США",
    "width": "150 см",
    "structure": "50% шенилл, 20% вискоза, 30% полиэстер",
    "texture": "img/ex.png",
    "preview": "img/cons_bg1.jpg",
    "color": "green",
    "counstructorImage": "img/product/1.jpg",
    "description": "Lorem ipsum dolor sit amet, consectetur adipisicing elit"
  },
  {
    "id": 14,
    "slug": "listya",
    "model": "Листья",
    "product_id": "123",
    "product_name": "Римские шторы",
    "product_image": "img/product/1.jpg",
    "url": "img/product/1.jpg",
    "price": 200,
    "img": "img/textures/listya.png",
    "translucent": "Пропускает свет",
    "country": "Германия",
    "width": "250 см",
    "structure": "60% шенилл, 10% вискоза, 30% полиэстер",
    "texture": "img/ex2.png",
    "preview": "img/cons_bg2.jpg",
    "color": "red",
    "counstructorImage": "img/product/1.jpg",
    "description": "Lorem ipsum dolor sit amet, consectetur adipisicing elit"
  },
  {
    "id": 15,
    "slug": "luksor_uno",
    "model": "Люксор Уно",
    "product_id": "123",
    "product_image": "img/product/1.jpg",
    "product_name": "Римские шторы",
    "url": "img/product/1.jpg",
    "price": 100,
    "img": "img/textures/luksor_uno.png",
    "translucent": "Не пропускает свет",
    "country": "Россия",
    "width": "200 см",
    "structure": "30% шенилл, 30% вискоза, 40% полиэстер",
    "texture": "img/ex3.png",
    "preview": "img/cons_bg3.jpg",
    "color": "blue",
    "counstructorImage": "img/product/1.jpg",
    "description": "Lorem ipsum dolor sit amet, consectetur adipisicing elit"
  },
  {
    "id": 16,
    "slug": "melanzh_red",
    "model": "Красный Меланж",
    "product_id": "123",
    "product_image": "img/product/1.jpg",
    "product_name": "Римские шторы",
    "url": "img/product/1.jpg",
    "price": 100,
    "img": "img/textures/melanzh_red.png",
    "translucent": "Не пропускает свет",
    "country": "Россия",
    "width": "200 см",
    "structure": "30% шенилл, 30% вискоза, 40% полиэстер",
    "texture": "img/ex.png",
    "preview": "img/cons_bg4.jpg",
    "color": "#fee",
    "counstructorImage": "img/product/1.jpg",
    "description": "Lorem ipsum dolor sit amet, consectetur adipisicing elit"
  },{
    "id": 17,
    "slug": "kristall",
    "model": "Кристалл",
    "product_id": "123",
    "product_name": "Римские шторы",
    "product_image": "img/product/1.jpg",
    "url": "img/product/1.jpg",
    "price": 101,
    "img": "img/product/1.jpg",
    "translucent": "Не пропускает свет",
    "country": "США",
    "width": "150 см",
    "structure": "50% шенилл, 20% вискоза, 30% полиэстер",
    "texture": "img/ex.png",
    "preview": "img/cons_bg1.jpg",
    "color": "green",
    "counstructorImage": "img/product/1.jpg",
    "description": "Lorem ipsum dolor sit amet, consectetur adipisicing elit"
  },
  {
    "id": 18,
    "slug": "listya",
    "model": "Листья",
    "product_id": "123",
    "product_name": "Римские шторы",
    "product_image": "img/product/1.jpg",
    "url": "img/product/1.jpg",
    "price": 200,
    "img": "img/textures/listya.png",
    "translucent": "Пропускает свет",
    "country": "Германия",
    "width": "250 см",
    "structure": "60% шенилл, 10% вискоза, 30% полиэстер",
    "texture": "img/ex2.png",
    "preview": "img/cons_bg2.jpg",
    "color": "red",
    "counstructorImage": "img/product/1.jpg",
    "description": "Lorem ipsum dolor sit amet, consectetur adipisicing elit"
  },
  {
    "id": 19,
    "slug": "luksor_uno",
    "model": "Люксор Уно",
    "product_id": "123",
    "product_image": "img/product/1.jpg",
    "product_name": "Римские шторы",
    "url": "img/product/1.jpg",
    "price": 100,
    "img": "img/textures/luksor_uno.png",
    "translucent": "Не пропускает свет",
    "country": "Россия",
    "width": "200 см",
    "structure": "30% шенилл, 30% вискоза, 40% полиэстер",
    "texture": "img/ex3.png",
    "preview": "img/cons_bg3.jpg",
    "color": "blue",
    "counstructorImage": "img/product/1.jpg",
    "description": "Lorem ipsum dolor sit amet, consectetur adipisicing elit"
  },
  {
    "id": 20,
    "slug": "melanzh_red",
    "model": "Красный Меланж",
    "product_id": "123",
    "product_image": "img/product/1.jpg",
    "product_name": "Римские шторы",
    "url": "img/product/1.jpg",
    "price": 100,
    "img": "img/textures/melanzh_red.png",
    "translucent": "Не пропускает свет",
    "country": "Россия",
    "width": "200 см",
    "structure": "30% шенилл, 30% вискоза, 40% полиэстер",
    "texture": "img/ex.png",
    "preview": "img/cons_bg4.jpg",
    "color": "#fee",
    "counstructorImage": "img/product/1.jpg",
    "description": "Lorem ipsum dolor sit amet, consectetur adipisicing elit"
  },{
    "id": 21,
    "slug": "kristall",
    "model": "Кристалл",
    "product_id": "123",
    "product_name": "Римские шторы",
    "product_image": "img/product/1.jpg",
    "url": "img/product/1.jpg",
    "price": 101,
    "img": "img/product/1.jpg",
    "translucent": "Не пропускает свет",
    "country": "США",
    "width": "150 см",
    "structure": "50% шенилл, 20% вискоза, 30% полиэстер",
    "texture": "img/ex.png",
    "preview": "img/cons_bg1.jpg",
    "color": "green",
    "counstructorImage": "img/product/1.jpg",
    "description": "Lorem ipsum dolor sit amet, consectetur adipisicing elit"
  },
  {
    "id": 22,
    "slug": "listya",
    "model": "Листья",
    "product_id": "123",
    "product_name": "Римские шторы",
    "product_image": "img/product/1.jpg",
    "url": "img/product/1.jpg",
    "price": 200,
    "img": "img/textures/listya.png",
    "translucent": "Пропускает свет",
    "country": "Германия",
    "width": "250 см",
    "structure": "60% шенилл, 10% вискоза, 30% полиэстер",
    "texture": "img/ex2.png",
    "preview": "img/cons_bg2.jpg",
    "color": "red",
    "counstructorImage": "img/product/1.jpg",
    "description": "Lorem ipsum dolor sit amet, consectetur adipisicing elit"
  },
  {
    "id": 23,
    "slug": "luksor_uno",
    "model": "Люксор Уно",
    "product_id": "123",
    "product_image": "img/product/1.jpg",
    "product_name": "Римские шторы",
    "url": "img/product/1.jpg",
    "price": 100,
    "img": "img/textures/luksor_uno.png",
    "translucent": "Не пропускает свет",
    "country": "Россия",
    "width": "200 см",
    "structure": "30% шенилл, 30% вискоза, 40% полиэстер",
    "texture": "img/ex3.png",
    "preview": "img/cons_bg3.jpg",
    "color": "blue",
    "counstructorImage": "img/product/1.jpg",
    "description": "Lorem ipsum dolor sit amet, consectetur adipisicing elit"
  },
  {
    "id": 24,
    "slug": "melanzh_red",
    "model": "Красный Меланж",
    "product_id": "123",
    "product_image": "img/product/1.jpg",
    "product_name": "Римские шторы",
    "url": "img/product/1.jpg",
    "price": 100,
    "img": "img/textures/melanzh_red.png",
    "translucent": "Не пропускает свет",
    "country": "Россия",
    "width": "200 см",
    "structure": "30% шенилл, 30% вискоза, 40% полиэстер",
    "texture": "img/ex.png",
    "preview": "img/cons_bg4.jpg",
    "color": "#fee",
    "counstructorImage": "img/product/1.jpg",
    "description": "Lorem ipsum dolor sit amet, consectetur adipisicing elit"
  },{
    "id": 25,
    "slug": "kristall",
    "model": "Кристалл",
    "product_id": "123",
    "product_name": "Римские шторы",
    "product_image": "img/product/1.jpg",
    "url": "img/product/1.jpg",
    "price": 101,
    "img": "img/product/1.jpg",
    "translucent": "Не пропускает свет",
    "country": "США",
    "width": "150 см",
    "structure": "50% шенилл, 20% вискоза, 30% полиэстер",
    "texture": "img/ex.png",
    "preview": "img/cons_bg1.jpg",
    "color": "green",
    "counstructorImage": "img/product/1.jpg",
    "description": "Lorem ipsum dolor sit amet, consectetur adipisicing elit"
  }
]